场景,检测点序号,检测点x,检测点y,示向度,真值x,真值y,多边形顶点数,定位区域直径,最小包围圆半径
A,1,552.99,-459.22,169.0269,-242.83,-293.21,4,52.657,26.328
A,2,139.51,710.76,248.5064,-242.83,-293.21,4,52.657,26.328
B,1,-1124.97,642.84,2.8986,-217.32,693.92,3,35.846,19.032
B,2,210.7,-314.54,112.5535,-217.32,693.92,3,35.846,19.032
B,3,253.38,1424.44,236.6574,-217.32,693.92,3,35.846,19.032
C,1,127.83,904.89,221.9565,-592.09,274.48,4,27.333,13.666
C,2,-1313.21,745.25,327.4572,-592.09,274.48,4,27.333,13.666
C,3,-1051.75,-355.68,54.105,-592.09,274.48,4,27.333,13.666
C,4,-54.7,-213.14,137.4695,-592.09,274.48,4,27.333,13.666
