k,ratio
2,0.5
2,0.5
2,0.5
2,0.5
2,0.5
2,0.5
2,0.5
2,0.5
2,0.5
2,0.5
2,0.5
2,0.5
2,0.5
2,0.5
2,0.5
2,0.5
2,0.5
2,0.5
2,0.5
2,0.5
2,0.5
2,0.5
2,0.5
2,0.5
2,0.5
2,0.5
2,0.5
2,0.5
2,0.5
2,0.5
2,0.5
2,0.5
2,0.5
2,0.5
2,0.5
2,0.5
2,0.5
2,0.5
2,0.5
2,0.5
2,0.5
2,0.5
2,0.5
2,0.5
2,0.5
2,0.5
2,0.5
2,0.5
2,0.5
2,0.5
2,0.5
2,0.5
2,0.5
2,0.5
2,0.5
2,0.5
2,0.5
2,0.5
2,0.5
2,0.5
2,0.5
2,0.5000127126573972
2,0.5
2,0.5
2,0.5
2,0.5
2,0.5
2,0.5
2,0.5
2,0.5
2,0.5
2,0.5
2,0.5
2,0.5
2,0.5
2,0.5
2,0.5
2,0.5
2,0.5
2,0.5
2,0.5
2,0.5
2,0.5
2,0.5
2,0.5
2,0.5
2,0.5
2,0.5
2,0.5
2,0.5000009768982275
2,0.5
2,0.5
2,0.5
2,0.5
2,0.5
2,0.5
2,0.5
2,0.5
2,0.5
2,0.5
2,0.5
2,0.5
2,0.5
2,0.5
2,0.5
2,0.5
2,0.5
2,0.5
2,0.5
2,0.5
2,0.5
2,0.5
2,0.5
2,0.5
2,0.5
2,0.5002215553365907
2,0.5
2,0.5
2,0.5
2,0.5
2,0.5
2,0.5
2,0.5
2,0.5
2,0.5
2,0.5
2,0.5
2,0.5
2,0.5
2,0.5
2,0.5
2,0.5
2,0.5
2,0.5
2,0.5
2,0.5
2,0.5
2,0.5
2,0.5
2,0.5
2,0.5
2,0.5
2,0.5
2,0.5
2,0.5
2,0.5
2,0.5
2,0.5
2,0.5
2,0.5
2,0.5
2,0.5
2,0.5
2,0.5
2,0.5
2,0.5
2,0.5
2,0.5
2,0.5
2,0.5
2,0.5
2,0.5
2,0.5
2,0.5
2,0.5
2,0.5
2,0.5001388618519661
2,0.5
2,0.5
2,0.5
2,0.5
2,0.5
2,0.5
2,0.5
2,0.5
2,0.5
2,0.5
2,0.5
2,0.5
2,0.5
2,0.5001672095545484
2,0.5
2,0.5
2,0.5
2,0.5
2,0.5
2,0.5
2,0.5
2,0.5
2,0.5
2,0.5
2,0.5
2,0.5
2,0.5
2,0.5
2,0.5
2,0.5
2,0.5
2,0.5
2,0.5
2,0.5
2,0.5
2,0.5
2,0.5
2,0.5
2,0.5
2,0.5
2,0.5
2,0.5
2,0.5
2,0.5
2,0.5
2,0.5
2,0.5
2,0.5
2,0.5
2,0.5
2,0.5
2,0.5
2,0.5
2,0.5
2,0.5
2,0.5
2,0.5
2,0.5
2,0.5
2,0.5
2,0.5
2,0.5
2,0.5
2,0.5
2,0.5
2,0.5
2,0.5
2,0.5
2,0.5
2,0.5
2,0.5
2,0.5
2,0.5
2,0.5
2,0.5
2,0.5
2,0.5
2,0.5
2,0.5
2,0.5
2,0.5
2,0.5
2,0.5
2,0.5
2,0.5
2,0.5
2,0.5
2,0.5
2,0.5
2,0.5
2,0.5
2,0.5
2,0.5
2,0.5
2,0.5
2,0.5
2,0.5
2,0.5
2,0.5
2,0.5
2,0.5
2,0.5
2,0.5
2,0.5
2,0.5
2,0.5
2,0.5
2,0.5
2,0.5
2,0.5
2,0.5
2,0.5
2,0.5
2,0.5
2,0.5
2,0.5
2,0.5
2,0.5
2,0.5
2,0.5
2,0.5
2,0.5
2,0.5
2,0.5
2,0.5
2,0.5
2,0.5
2,0.5
2,0.5
2,0.5
2,0.5
2,0.5
2,0.5
2,0.5
2,0.5
2,0.5
2,0.5
2,0.5
2,0.5
2,0.5
2,0.5
2,0.5
2,0.5
2,0.5
2,0.5
2,0.5
2,0.5
2,0.5
2,0.5
2,0.5
2,0.5
2,0.5
2,0.5
2,0.5
2,0.5
2,0.5
2,0.5
2,0.5
2,0.5
2,0.5
2,0.5
2,0.5
2,0.5
2,0.5
2,0.5
2,0.5
2,0.5
2,0.5
2,0.5
2,0.5
2,0.5
2,0.5
2,0.5
2,0.5
2,0.5
2,0.5
2,0.5
2,0.5
2,0.5
2,0.5
2,0.5
2,0.5
2,0.5
2,0.5
2,0.5
2,0.5
2,0.5
2,0.5
2,0.5
2,0.5
2,0.5
2,0.5
2,0.5
2,0.5
2,0.5
2,0.5
2,0.5
2,0.5
2,0.5
2,0.5
2,0.5
2,0.5
2,0.5
2,0.5
2,0.5
2,0.5
2,0.5
2,0.5
2,0.5
2,0.5
2,0.5
2,0.5
2,0.5
2,0.5
2,0.5
2,0.5
2,0.5
2,0.5
2,0.5
2,0.5
2,0.5
2,0.5
2,0.5
2,0.5
2,0.5
2,0.5
2,0.5
2,0.5
2,0.5
2,0.5
2,0.5
2,0.5
2,0.5
2,0.5
2,0.5
2,0.5
2,0.5
2,0.5
2,0.5
2,0.5
2,0.5
2,0.5
2,0.5
2,0.5
2,0.5
2,0.5
2,0.5
2,0.5
2,0.5
2,0.5
2,0.5
2,0.5
2,0.5
2,0.5
2,0.5
2,0.5
2,0.5
2,0.5
2,0.5
2,0.5
2,0.5
2,0.5
2,0.5
2,0.5
2,0.5
2,0.5
2,0.5
2,0.5
2,0.5
2,0.5
2,0.5
2,0.5
2,0.5
2,0.5
2,0.5
2,0.5
2,0.5
2,0.5
2,0.5
2,0.5
2,0.5
2,0.5
2,0.5
2,0.5
2,0.5
2,0.5
2,0.5
2,0.5
2,0.5
2,0.5
2,0.5
2,0.5
2,0.5
2,0.5
2,0.5
2,0.5
2,0.5
2,0.5
2,0.5
2,0.5
2,0.5
2,0.5
2,0.5
2,0.5
2,0.5
2,0.5
2,0.5
2,0.5
2,0.5
2,0.5
2,0.5
2,0.5
2,0.5
2,0.5
2,0.5
2,0.5
2,0.5
2,0.5
2,0.5
2,0.5
2,0.5
2,0.5
2,0.5
2,0.5
2,0.5
2,0.5
2,0.5
2,0.5
2,0.5
2,0.5
2,0.5
2,0.5
2,0.5
2,0.5
2,0.5
2,0.5
2,0.5
2,0.5
2,0.5
2,0.5
2,0.5
2,0.5
2,0.5
2,0.5
2,0.5
2,0.5
2,0.5
2,0.5
2,0.5
2,0.5
2,0.5
2,0.5
2,0.5
2,0.5
2,0.5
2,0.5
2,0.5
2,0.5
2,0.5
2,0.5
2,0.5
2,0.5
2,0.5
2,0.5
2,0.5
2,0.5
2,0.5
2,0.5
2,0.5
2,0.5
2,0.5
2,0.5
2,0.5
2,0.5
2,0.5
2,0.5
2,0.5
2,0.5
2,0.5
2,0.5
2,0.5
2,0.5
2,0.5
2,0.5
2,0.5
2,0.5
2,0.5
2,0.5
2,0.5
2,0.5
2,0.5
2,0.5
2,0.5
2,0.5
2,0.5
2,0.5
2,0.5
2,0.5
2,0.5
2,0.5
2,0.5
2,0.5
2,0.5
2,0.5
2,0.5
2,0.5
2,0.5
2,0.5
2,0.5
2,0.5
2,0.5
2,0.5
2,0.5
2,0.5
2,0.5
2,0.5
2,0.5
2,0.5
2,0.5
2,0.5
2,0.5
2,0.5
2,0.5
2,0.5
2,0.5
2,0.5
2,0.5
2,0.5
2,0.5
2,0.5
2,0.5
2,0.5
2,0.5
2,0.5
2,0.5
2,0.5
2,0.5
2,0.5
2,0.5
2,0.5
2,0.5
2,0.5
2,0.5
2,0.5
2,0.5
2,0.5
2,0.5
2,0.5
2,0.5
2,0.5
2,0.5
2,0.5
2,0.5
2,0.5
2,0.5
2,0.5
2,0.5
2,0.5
2,0.5
2,0.5
2,0.5
2,0.5
2,0.5
2,0.5
2,0.5
2,0.5
2,0.5
2,0.5
2,0.5
2,0.5
2,0.5
2,0.5
2,0.5
2,0.5
2,0.5
2,0.5
2,0.5
2,0.5
2,0.5
2,0.5
2,0.5
2,0.5
2,0.5
2,0.5
2,0.5
2,0.5
2,0.5
2,0.5
2,0.5
2,0.5
2,0.5
2,0.5
2,0.5
2,0.5
2,0.5
2,0.5
2,0.5
2,0.5
2,0.5
2,0.5
2,0.5
2,0.5
2,0.5
2,0.5
2,0.5
2,0.5
2,0.5
2,0.5
2,0.5
2,0.5
2,0.5
2,0.5
2,0.5
2,0.5
2,0.5
2,0.5
2,0.5
2,0.5
2,0.5
2,0.5
2,0.5
2,0.5
2,0.5
2,0.5
2,0.5
2,0.5
2,0.5
2,0.5
2,0.5
2,0.5
2,0.5
2,0.5
2,0.5
2,0.5
2,0.5
2,0.5
2,0.5
2,0.5
2,0.5
2,0.5
2,0.5
2,0.5
2,0.5
2,0.5
2,0.5
2,0.5
2,0.5
2,0.5
2,0.5
2,0.5
2,0.5
2,0.5
2,0.5
2,0.5
2,0.5
2,0.5
2,0.5
2,0.5
2,0.5
2,0.5
2,0.5
2,0.5
2,0.5
2,0.5
2,0.5
2,0.5
2,0.5
2,0.5
2,0.5
2,0.5
2,0.5
2,0.5
2,0.5
2,0.5
2,0.5
2,0.5
2,0.5
2,0.5
2,0.5
2,0.5
2,0.5
2,0.5
2,0.5
2,0.5
2,0.5
2,0.5
2,0.5
2,0.5
2,0.5
2,0.5
2,0.5
2,0.5
2,0.5
2,0.5
2,0.5002423557039981
2,0.5
2,0.5
2,0.5
2,0.5
2,0.5
2,0.5
2,0.5
2,0.5
2,0.5
2,0.5
2,0.5
2,0.5
2,0.5
2,0.5
2,0.5
2,0.5
2,0.5
2,0.5
2,0.5
2,0.5
2,0.5
2,0.5
2,0.5
2,0.5
2,0.5
2,0.5
2,0.5
2,0.5
2,0.5
2,0.5
2,0.5
2,0.5
2,0.5
2,0.5
2,0.5
2,0.5
2,0.5
2,0.5
2,0.5
2,0.5
2,0.5
2,0.5
2,0.5
2,0.5
2,0.5
2,0.5
2,0.5
2,0.5
2,0.5
2,0.5
2,0.5
2,0.5
2,0.5
2,0.5
2,0.5
2,0.5
2,0.5
2,0.5
2,0.5
2,0.5
2,0.5
2,0.5
2,0.5
2,0.5
2,0.5
2,0.5
2,0.5
2,0.5
2,0.5
2,0.5
2,0.5
2,0.5
2,0.5
2,0.5
2,0.5
2,0.5
2,0.5
2,0.5
2,0.5
2,0.5
2,0.5
2,0.5
2,0.5
2,0.5
2,0.5
2,0.5
2,0.5
2,0.5
2,0.5
2,0.5
2,0.5
2,0.5
2,0.5
2,0.5
2,0.5
2,0.5
2,0.5
2,0.5
2,0.5
2,0.5
2,0.5
2,0.5
2,0.5
2,0.5
2,0.5
2,0.5
2,0.5
2,0.5
2,0.5
2,0.5
2,0.5
2,0.5
2,0.5
2,0.5
2,0.5
2,0.5
2,0.5
2,0.5000176676800635
2,0.5
2,0.5
2,0.5
2,0.5
2,0.5
2,0.5
2,0.5
2,0.5
2,0.5
2,0.5
2,0.5
2,0.5
2,0.5
2,0.5
2,0.5
2,0.5
2,0.5
2,0.5
2,0.5
2,0.5
2,0.5
2,0.5
2,0.5
2,0.5
2,0.5
2,0.5
2,0.5
2,0.5
2,0.5
2,0.5
2,0.5
2,0.5
2,0.5
2,0.5
2,0.5
2,0.5
2,0.5
2,0.5
2,0.5
2,0.5
2,0.5
2,0.5
2,0.5
2,0.5
2,0.5
2,0.5
2,0.5
2,0.5
2,0.5
2,0.5
2,0.5
2,0.5
2,0.5
2,0.5
2,0.5
2,0.5
2,0.5
2,0.5
2,0.5
2,0.5
2,0.5
2,0.5
2,0.5
2,0.5
2,0.5
2,0.5
2,0.5
2,0.5
2,0.5
2,0.5
2,0.5
2,0.5
2,0.5
2,0.5001022854870715
2,0.5
2,0.5
2,0.5
2,0.5
2,0.5
2,0.5
2,0.5
2,0.5
2,0.5
2,0.5
2,0.5
2,0.5
2,0.5
2,0.5
2,0.5
2,0.5
2,0.5
2,0.5
2,0.5
2,0.5
2,0.5
2,0.5
3,0.5
3,0.5
3,0.5
3,0.5
3,0.5
3,0.5
3,0.5
3,0.5
3,0.5
3,0.5006347049699393
3,0.5
3,0.5
3,0.5
3,0.5
3,0.5
3,0.514324760160443
3,0.5
3,0.5
3,0.5
3,0.5
3,0.5
3,0.5
3,0.5
3,0.5
3,0.5
3,0.5
3,0.5
3,0.5
3,0.5
3,0.5
3,0.5
3,0.5
3,0.5
3,0.5084405712303368
3,0.5
3,0.5
3,0.5
3,0.526142592914764
3,0.5
3,0.5
3,0.5
3,0.5
3,0.5001820325961832
3,0.5
3,0.5
3,0.5
3,0.5106101668725104
3,0.5
3,0.5085121395976822
3,0.5
3,0.5
3,0.5
3,0.5
3,0.5560602155447807
3,0.5
3,0.5238280416510894
3,0.5
3,0.5
3,0.5
3,0.5
3,0.5
3,0.5
3,0.5
3,0.5
3,0.5
3,0.5
3,0.5000653574096499
3,0.5
3,0.5
3,0.5
3,0.5
3,0.5
3,0.5
3,0.5
3,0.5064488239979634
3,0.5
3,0.5
3,0.5
3,0.5
3,0.5
3,0.5
3,0.5
3,0.5
3,0.5
3,0.5
3,0.5
3,0.5
3,0.5006487352350607
3,0.5
3,0.5
3,0.5
3,0.5
3,0.5
3,0.5
3,0.5
3,0.5
3,0.5
3,0.5
3,0.5
3,0.5
3,0.5
3,0.5
3,0.5
3,0.5
3,0.5
3,0.5
3,0.5
3,0.5
3,0.5
3,0.5
3,0.5020281097989514
3,0.5
3,0.5
3,0.5
3,0.5
3,0.5
3,0.5
3,0.5
3,0.5
3,0.5
3,0.5
3,0.5
3,0.5
3,0.5
3,0.5
3,0.5
3,0.5
3,0.5
3,0.5
3,0.5
3,0.5
3,0.5
3,0.5
3,0.5
3,0.5
3,0.5
3,0.5
3,0.5
3,0.5
3,0.5
3,0.5
3,0.5
3,0.5000043068249242
3,0.5
3,0.5
3,0.5
3,0.5
3,0.5
3,0.5
3,0.5
3,0.5
3,0.5
3,0.5
3,0.5
3,0.5
3,0.5
3,0.5
3,0.5000286560248183
3,0.5014464140938887
3,0.5
3,0.5138574881485032
3,0.5000270733047111
3,0.5
3,0.5000148275131759
3,0.5
3,0.5
3,0.5
3,0.5
3,0.5
3,0.5
3,0.5
3,0.5
3,0.5
3,0.5
3,0.5
3,0.5181651515728419
3,0.5
3,0.5
3,0.5014544300868174
3,0.5
3,0.5
3,0.5033201449844023
3,0.5
3,0.5
3,0.5
3,0.5
3,0.5
3,0.5100518710753262
3,0.5
3,0.5
3,0.5
3,0.5
3,0.5
3,0.5
3,0.5
3,0.5
3,0.5
3,0.5
3,0.5
3,0.5
3,0.5
3,0.5
3,0.5
3,0.5
3,0.5
3,0.5
3,0.5
3,0.5010618824614156
3,0.5
3,0.5
3,0.5
3,0.5
3,0.5
3,0.5
3,0.5
3,0.5
3,0.5
3,0.5
3,0.5
3,0.5
3,0.5
3,0.5
3,0.501183280068476
3,0.5
3,0.5
3,0.5000020105774449
3,0.5
3,0.5
3,0.5
3,0.5
3,0.5
3,0.5286269821087869
3,0.5
3,0.5
3,0.5
3,0.5
3,0.5050384100353209
3,0.5013118675121587
3,0.5
3,0.5
3,0.5
3,0.5
3,0.5
3,0.5032711125533822
3,0.5005165455923706
3,0.5
3,0.5
3,0.5025654980913888
3,0.5
3,0.5
3,0.5
3,0.5
3,0.5
3,0.5129507116927638
3,0.5
3,0.5
3,0.5
3,0.5
3,0.5
3,0.5
3,0.5
3,0.5
3,0.5
3,0.5
3,0.5
3,0.5
3,0.5
3,0.5
3,0.5
3,0.5
3,0.5
3,0.5
3,0.5
3,0.5
3,0.5
3,0.5
3,0.5
3,0.5
3,0.5
3,0.5072127251516957
3,0.5
3,0.5
3,0.5
3,0.5
3,0.5
3,0.5
3,0.5
3,0.5
3,0.5025191690963859
3,0.5
3,0.5
3,0.5
3,0.5
3,0.5
3,0.5
3,0.5
3,0.5
3,0.5
3,0.5
3,0.5
3,0.5
3,0.5
3,0.5
3,0.5000761142015043
3,0.5
3,0.5
3,0.5
3,0.5030964869950268
3,0.5
3,0.5
3,0.5
3,0.5002358090846077
3,0.5085192738690932
3,0.5
3,0.5
3,0.5016331628340407
3,0.5
3,0.5
3,0.5
3,0.5
3,0.5
3,0.5
3,0.5
3,0.5
3,0.5
3,0.5
3,0.5
3,0.5
3,0.5
3,0.5
3,0.5
3,0.5
3,0.5039969102398273
3,0.5
3,0.5
3,0.5
3,0.5
3,0.5
3,0.5020046360435705
3,0.5
3,0.5
3,0.5
3,0.5
3,0.5
3,0.5
3,0.5
3,0.5
3,0.5
3,0.5
3,0.5
3,0.5
3,0.5
3,0.5132145363072114
3,0.503989247141791
3,0.5
3,0.5
3,0.5
3,0.5
3,0.5
3,0.5
3,0.5
3,0.5
3,0.5
3,0.5
3,0.5
3,0.5
3,0.5000517212929502
3,0.500035186821056
3,0.5
3,0.5
3,0.5
3,0.5
3,0.5
3,0.5
3,0.5
3,0.5
3,0.5
3,0.522152849148873
3,0.5
3,0.5
3,0.5
3,0.5007881856342662
3,0.5
3,0.5
3,0.5
3,0.5
3,0.5
3,0.5
3,0.5
3,0.5004599725868709
3,0.5
3,0.5
3,0.5019021168574535
3,0.5
3,0.5
3,0.5
3,0.5
3,0.5
3,0.5
3,0.5
3,0.5
3,0.5016048418133292
3,0.5001003425140271
3,0.5
3,0.5
3,0.5
3,0.5
3,0.5
3,0.5
3,0.5
3,0.5
3,0.5
3,0.5
3,0.5
3,0.5
3,0.5
3,0.5
3,0.5
3,0.5
3,0.5
3,0.5
3,0.5
3,0.5
3,0.5
3,0.5
3,0.5
3,0.5
3,0.5
3,0.5
3,0.5438235403416108
3,0.5
3,0.5
3,0.5
3,0.5
3,0.5
3,0.503889947734044
3,0.5
3,0.5
3,0.5
3,0.5
3,0.5
3,0.5
3,0.5
3,0.5
3,0.5014227948781208
3,0.5
3,0.5
3,0.5
3,0.5
3,0.5
3,0.5
3,0.5
3,0.5
3,0.5
3,0.5174939003208333
3,0.502520784963013
3,0.5
3,0.5
3,0.5
3,0.5
3,0.5
3,0.5
3,0.5
3,0.5
3,0.5
3,0.5
3,0.5130914542956784
3,0.5
3,0.5
3,0.5
3,0.5
3,0.5
3,0.5
3,0.5033303189975412
3,0.5
3,0.5466775513241207
3,0.5
3,0.5
3,0.5
3,0.5
3,0.5
3,0.5
3,0.5
3,0.5
3,0.5
3,0.5
3,0.5
3,0.5
3,0.5
3,0.5
3,0.5
3,0.5206219032506535
3,0.5
3,0.5098044974321593
3,0.5
3,0.5
3,0.5
3,0.5
3,0.5
3,0.5
3,0.5
3,0.5
3,0.5004633186193919
3,0.5
3,0.5
3,0.5
3,0.5
3,0.5
3,0.5
3,0.5
3,0.5
3,0.5
3,0.5
3,0.5
3,0.569371749085358
3,0.5
3,0.5
3,0.5
3,0.5
3,0.5
3,0.5
3,0.5
3,0.5
3,0.5
3,0.500498266114301
3,0.5
3,0.5
3,0.5
3,0.5
3,0.5
3,0.5
3,0.5
3,0.5
3,0.5006354336813343
3,0.5
3,0.5
3,0.5
3,0.5
3,0.5
3,0.5
3,0.5
3,0.5
3,0.5
3,0.5
3,0.5
3,0.5
3,0.5
3,0.5
3,0.5
3,0.5
3,0.5024087672418116
3,0.5
3,0.5
3,0.5
3,0.5
3,0.5
3,0.5
3,0.5
3,0.5
3,0.5
3,0.5044020235111397
3,0.5034848722235414
3,0.5
3,0.5
3,0.5
3,0.5
3,0.5
3,0.5
3,0.5
3,0.5
3,0.5
3,0.5
3,0.5
3,0.5
3,0.5
3,0.5
3,0.5
3,0.5
3,0.5
3,0.5
3,0.5
3,0.5035401311806202
3,0.5
3,0.5
3,0.5
3,0.5
3,0.5
3,0.5
3,0.5
3,0.5
3,0.5
3,0.5
3,0.5
3,0.5
3,0.5
3,0.5
3,0.5
3,0.5
3,0.5
3,0.5
3,0.5
3,0.5
3,0.5009288006779937
3,0.5
3,0.5
3,0.5
3,0.5
3,0.5
3,0.5
3,0.5
3,0.5
3,0.5
3,0.5
3,0.5
3,0.500267118735359
3,0.5
3,0.5
3,0.5
3,0.5
3,0.5
3,0.5012103044993662
3,0.5
3,0.5
3,0.5
3,0.5
3,0.5
3,0.5
3,0.5181865539369733
3,0.5
3,0.5197814975707402
3,0.5
3,0.5
3,0.5
3,0.5
3,0.5
3,0.5
3,0.5
3,0.5
3,0.501875399546474
3,0.5
3,0.5008230192897971
3,0.5
3,0.5
3,0.5
3,0.5
3,0.5
3,0.5
3,0.5
3,0.5
3,0.5
3,0.5005119837356262
3,0.5
3,0.5
3,0.5
3,0.5
3,0.5
3,0.5
3,0.5
3,0.5
3,0.5
3,0.5
3,0.5056618046565866
3,0.5
3,0.5
3,0.5
3,0.5134846788483738
3,0.5
3,0.5
3,0.5
3,0.5
3,0.5
3,0.5
3,0.5
3,0.5
3,0.5
3,0.5
3,0.5
3,0.5
3,0.5
3,0.5
3,0.5
3,0.5
3,0.5
3,0.5
3,0.5
3,0.5
3,0.5
3,0.5
3,0.5
3,0.5
3,0.5085613114553096
3,0.5007598097490138
3,0.5
3,0.5
3,0.5
3,0.5
3,0.5
3,0.5
3,0.5
3,0.5
3,0.5
3,0.5
3,0.5
3,0.5
3,0.5
3,0.5
3,0.5107424088813364
3,0.5
3,0.5002024205581767
3,0.5
3,0.5
3,0.5
3,0.5
3,0.5
3,0.5
3,0.5
3,0.5
3,0.5498383214567146
3,0.5109792610134951
3,0.5
3,0.5
3,0.5
3,0.5028230303548346
3,0.5
3,0.5
3,0.5
3,0.5
3,0.5
3,0.5
3,0.5
3,0.5
3,0.5
3,0.5
3,0.5
3,0.5
3,0.5
3,0.5
3,0.5
3,0.5
3,0.5
3,0.5
3,0.5
3,0.5
3,0.5
3,0.5
3,0.5
3,0.5
3,0.5
3,0.5
3,0.5021072892650007
3,0.5
3,0.5
3,0.5
3,0.5
3,0.5
3,0.5
3,0.5014440086015071
3,0.5
3,0.5
3,0.5
3,0.5
3,0.5
3,0.5
3,0.5
3,0.5
3,0.5
3,0.500011213502273
3,0.5
3,0.5
3,0.5
3,0.5
3,0.5
3,0.5
3,0.5
3,0.5
3,0.5161174410892383
3,0.5
3,0.5
3,0.5
3,0.5
3,0.5
3,0.5
3,0.5
3,0.5
3,0.5
3,0.5
3,0.5
3,0.5117939530487776
3,0.5
3,0.5
3,0.5
3,0.5
3,0.5033011635826238
3,0.5
3,0.5
3,0.5083066649931682
3,0.5
3,0.5
3,0.5
3,0.5
3,0.5
3,0.5
3,0.5
3,0.5
3,0.5
3,0.5
3,0.5
3,0.5
3,0.5
3,0.5
3,0.5
3,0.5
3,0.5
3,0.5
3,0.5
3,0.5
3,0.5
3,0.5
3,0.5
3,0.5
3,0.5
3,0.5000785422031155
3,0.5000251506375254
3,0.5
3,0.5
3,0.5
3,0.5
3,0.5013898350352941
3,0.5
3,0.5
3,0.5
3,0.5
3,0.5
3,0.5
3,0.5
3,0.5
3,0.5
3,0.5
3,0.5
3,0.5
3,0.5003273210947459
3,0.5
3,0.5
3,0.5
3,0.5
3,0.5000390893971098
3,0.5
3,0.5
3,0.5
3,0.5
3,0.5
3,0.5
3,0.5
3,0.5
3,0.5
3,0.5
3,0.5
3,0.5030610715272111
3,0.5141585597712202
3,0.5
3,0.5
3,0.502079808670003
3,0.5
3,0.5
3,0.5067397796416556
3,0.5
3,0.5
3,0.5
3,0.5129091278599385
3,0.5
3,0.5
3,0.5
3,0.5
3,0.5
3,0.5
3,0.5
3,0.5
3,0.5006335842235478
3,0.5
3,0.500038402855089
3,0.5
3,0.5
3,0.5
3,0.5012157116166188
3,0.5
3,0.5
3,0.5
3,0.5
3,0.5
3,0.5
3,0.5
3,0.5
3,0.5
3,0.5
3,0.5
3,0.5
3,0.5
3,0.5
3,0.5084795020391207
3,0.5
3,0.5
3,0.5
3,0.5
3,0.5
3,0.5168697028840763
3,0.5
3,0.5
3,0.503378291265802
3,0.5108093047899516
3,0.5
3,0.5
3,0.5
3,0.5
3,0.5
3,0.5
3,0.5
3,0.5
3,0.5
3,0.5
3,0.500440999141474
3,0.5
3,0.5
3,0.5
3,0.5
3,0.5
3,0.5
3,0.5
3,0.5
3,0.5
3,0.5
3,0.5
3,0.5
3,0.5002116429126608
3,0.5001772641487566
3,0.5
3,0.5
3,0.5
3,0.5
3,0.5
3,0.5
3,0.5
3,0.5
3,0.5
3,0.5
3,0.5
3,0.5
3,0.5
3,0.5
3,0.5
3,0.5
3,0.5
3,0.5
3,0.5
3,0.5
3,0.5
3,0.5
3,0.5
3,0.5006429294336482
3,0.5
3,0.5
3,0.5
3,0.5
3,0.5
3,0.5000191280802223
3,0.5
3,0.5
3,0.5
3,0.5
3,0.5031638196024449
3,0.5109983061797115
3,0.5
3,0.5
3,0.5
3,0.5174924007569003
3,0.5
3,0.5
3,0.5
3,0.5
3,0.5
3,0.5
3,0.5
3,0.5
3,0.5
3,0.5
3,0.5
3,0.5083071751093194
3,0.5017926260732932
3,0.5
3,0.5037484573119807
3,0.5
3,0.5064118721536636
3,0.5
3,0.5
3,0.5
3,0.5
3,0.5
3,0.5
3,0.5
3,0.5
4,0.5
4,0.5
4,0.5152351335573786
4,0.5
4,0.5
4,0.5048586911287212
4,0.5
4,0.5
4,0.5
4,0.5
4,0.5
4,0.5
4,0.5
4,0.5
4,0.5
4,0.505798329032358
4,0.5
4,0.5
4,0.511841999918439
4,0.5
4,0.5077916234562005
4,0.5
4,0.5027966951227494
4,0.5112632873237843
4,0.5000567895478227
4,0.5
4,0.5
4,0.5
4,0.5
4,0.5
4,0.5058954369077729
4,0.5
4,0.5
4,0.5
4,0.5009845524314451
4,0.5000187981613814
4,0.5
4,0.5
4,0.5
4,0.5
4,0.5
4,0.5
4,0.5
4,0.5006245001611176
4,0.5174445819840222
4,0.5
4,0.5105934176349591
4,0.516959211292732
4,0.5
4,0.5032101026777822
4,0.5
4,0.5
4,0.5
4,0.5
4,0.5
4,0.5
4,0.5
4,0.5
4,0.5
4,0.5
4,0.5002267880025801
4,0.5
4,0.5
4,0.5
4,0.5
4,0.5
4,0.5
4,0.5
4,0.519666833344338
4,0.5
4,0.5
4,0.5
4,0.5128895412967738
4,0.5
4,0.5
4,0.5
4,0.5014138599155639
4,0.5
4,0.5
4,0.5
4,0.5054186832407584
4,0.5
4,0.5
4,0.5
4,0.5
4,0.5222798572326058
4,0.5
4,0.5
4,0.506763369472018
4,0.5
4,0.5
4,0.5
4,0.5010546929407236
4,0.5
4,0.5071654965894202
4,0.5
4,0.5055875157445914
4,0.5
4,0.5
4,0.5045266728567324
4,0.5
4,0.5
4,0.5
4,0.5092638866347099
4,0.5
4,0.5
4,0.5039165743308188
4,0.5
4,0.5
4,0.5267976195794003
4,0.5
4,0.5
4,0.5
4,0.500092702178431
4,0.5235199226916102
4,0.5
4,0.5
4,0.5
4,0.5
4,0.5
4,0.5
4,0.5
4,0.5
4,0.5
4,0.5
4,0.5
4,0.5
4,0.5
4,0.5
4,0.5122155605561197
4,0.5
4,0.5
4,0.5
4,0.5
4,0.5
4,0.5
4,0.5
4,0.5
4,0.500127289606961
4,0.5033961312773897
4,0.5
4,0.5
4,0.5
4,0.5
4,0.5
4,0.5
4,0.5
4,0.5
4,0.5
4,0.5000180973602473
4,0.5
4,0.5
4,0.5
4,0.5
4,0.5
4,0.5
4,0.5
4,0.5
4,0.5
4,0.5
4,0.5
4,0.5014804312667401
4,0.5051042487193026
4,0.5
4,0.5059233188296984
4,0.504185161637304
4,0.5
4,0.5
4,0.5
4,0.5
4,0.5186170585525042
4,0.5
4,0.5024413203439049
4,0.5
4,0.5
4,0.5
4,0.5
4,0.5
4,0.5043940436876255
4,0.5
4,0.5
4,0.5
4,0.5
4,0.5
4,0.5
4,0.5082376420839059
4,0.5
4,0.5
4,0.5000648364209915
4,0.5
4,0.5
4,0.5
4,0.5008499390614412
4,0.5
4,0.500090551829567
4,0.5
4,0.5
4,0.5012870700755969
4,0.5000773232736737
4,0.5
4,0.5007251119443434
4,0.5
4,0.5
4,0.5
4,0.5
4,0.5
4,0.5
4,0.5
4,0.5
4,0.5
4,0.5318760253181465
4,0.5131205706428072
4,0.5
4,0.5
4,0.5022855194264217
4,0.5
4,0.5052763548330187
4,0.5004190371087112
4,0.5
4,0.5
4,0.5
4,0.5
4,0.5
4,0.5
4,0.5
4,0.5002896209946761
4,0.5
4,0.5
4,0.5
4,0.5
4,0.5
4,0.5
4,0.5
4,0.5
4,0.5
4,0.5002122367723728
4,0.5078550483989855
4,0.5
4,0.5
4,0.5
4,0.5
4,0.5
4,0.5
4,0.5
4,0.5
4,0.5013080618779583
4,0.5
4,0.5000341573244039
4,0.5
4,0.5
4,0.514590934204354
4,0.5
4,0.5000000678783666
4,0.5
4,0.5
4,0.5
4,0.5051332999160347
4,0.5
4,0.5
4,0.5
4,0.5025953915232777
4,0.5
4,0.5016189848346307
4,0.5
4,0.5161973017806902
4,0.5
4,0.5
4,0.5
4,0.5
4,0.5191651919997445
4,0.5
4,0.5027543936266905
4,0.5087147634086733
4,0.5
4,0.5
4,0.5027847109410007
4,0.5
4,0.5026250527836651
4,0.5
4,0.5
4,0.5
4,0.5
4,0.5
4,0.5
4,0.5
4,0.5
4,0.5
4,0.511895563960725
4,0.5010507126017232
4,0.5
4,0.5
4,0.5002058927946527
4,0.5
4,0.5
4,0.503611105123965
4,0.5
4,0.5
4,0.5
4,0.5
4,0.5
4,0.5
4,0.5
4,0.5007851813639712
4,0.5
4,0.5
4,0.5
4,0.5
4,0.5027357557894641
4,0.5
4,0.5
4,0.5
4,0.5
4,0.5
4,0.5
4,0.5
4,0.5
4,0.5
4,0.5
4,0.5
4,0.5001200371394692
4,0.5005510328972562
4,0.5
4,0.5
4,0.5
4,0.5
4,0.5
4,0.5
4,0.5
4,0.5
4,0.5
4,0.5
4,0.5
4,0.5
4,0.5
4,0.5
4,0.5000030671196715
4,0.5211838104216365
4,0.5
4,0.5
4,0.5
4,0.5
4,0.5
4,0.5
4,0.5
4,0.5
4,0.5
4,0.5
4,0.5
4,0.5
4,0.5
4,0.5
4,0.5
4,0.5000740179077787
4,0.5001870259376879
4,0.5
4,0.5
4,0.5
4,0.5
4,0.5
4,0.5
4,0.5
4,0.5
4,0.5
4,0.5
4,0.5090139087013648
4,0.5
4,0.5
4,0.5
4,0.5
4,0.5
4,0.5
4,0.5
4,0.5
4,0.5052420375585456
4,0.5
4,0.5
4,0.5
4,0.5
4,0.5
4,0.5
4,0.5
4,0.5
4,0.5
4,0.5
4,0.5
4,0.5
4,0.5000172636035285
4,0.5
4,0.5
4,0.5
4,0.5053302397507167
4,0.5
4,0.5024598906395157
4,0.5
4,0.5410557817374946
4,0.5
4,0.5
4,0.5001128047872988
4,0.5
4,0.5
4,0.5102792066732098
4,0.5041626013002946
4,0.5
4,0.5
4,0.5
4,0.5
4,0.5
4,0.5
4,0.5
4,0.5044013678881011
4,0.5
4,0.5
4,0.5073190433219936
4,0.5
4,0.5
4,0.5021696754684771
4,0.5
4,0.5
4,0.5
4,0.5
4,0.5
4,0.5
4,0.5
4,0.5
4,0.5
4,0.5
4,0.5
4,0.5
4,0.519082316695666
4,0.5
4,0.5
4,0.5
4,0.5
4,0.502345128142922
4,0.5
4,0.5
4,0.5
4,0.5
4,0.5
4,0.5
4,0.5
4,0.5
4,0.5
4,0.5
4,0.5029235749169119
4,0.5
4,0.5
4,0.5
4,0.5
4,0.5000001679729553
4,0.5
4,0.5
4,0.5
4,0.5
4,0.5
4,0.5
4,0.5
4,0.5
4,0.5
4,0.500008387457827
4,0.5034833962549334
4,0.5
4,0.5
4,0.5275927458960253
4,0.5
4,0.5020471547030101
4,0.5
4,0.5
4,0.5055910713991574
4,0.5
4,0.5007467990903323
4,0.5021064483793121
4,0.5
4,0.5
4,0.5
4,0.5
4,0.5
4,0.5
4,0.5
4,0.5
4,0.5001139144380286
4,0.5
4,0.5
4,0.5
4,0.5
4,0.5
4,0.5257638835278103
4,0.5
4,0.5
4,0.5
4,0.5
4,0.5
4,0.5
4,0.5
4,0.5019955630200453
4,0.5
4,0.5
4,0.5
4,0.5004439033696751
4,0.5
4,0.5
4,0.5
4,0.5
4,0.5065986394142739
4,0.5001079973744843
4,0.5002165602749412
4,0.5
4,0.5
4,0.50001735644764
4,0.5
4,0.5
4,0.5
4,0.5
4,0.5
4,0.5
4,0.5
4,0.5
4,0.5
4,0.5
4,0.5025177841021485
4,0.5
4,0.5004802688537411
4,0.5
4,0.5
4,0.5
4,0.5
4,0.5
4,0.5012362543990592
4,0.5299837497988855
4,0.5
4,0.5
4,0.5
4,0.5
4,0.5
4,0.5
4,0.5
4,0.5
4,0.5
4,0.5
4,0.5
4,0.5
4,0.5
4,0.5
4,0.5196631141949589
4,0.5
4,0.5
4,0.5
4,0.5004098118043255
4,0.5
4,0.5
4,0.5
4,0.5
4,0.5
4,0.5
4,0.5
4,0.5
4,0.5
4,0.5
4,0.5
4,0.5
4,0.5
4,0.5
4,0.5
4,0.5
4,0.500468996894382
4,0.5
4,0.5
4,0.5
4,0.5
4,0.5
4,0.5006359533926034
4,0.5
4,0.5
4,0.5
4,0.5
4,0.5004537993673115
4,0.5
4,0.5
4,0.5027652949819659
4,0.5
4,0.5
4,0.5002284119113078
4,0.5
4,0.5001863059605999
4,0.5
4,0.5107248552778265
4,0.5
4,0.5
4,0.5
4,0.5
4,0.5026072281133223
4,0.5
4,0.5
4,0.5000031686087497
4,0.511261736473044
4,0.5009866469966473
4,0.5
4,0.5
4,0.5
4,0.5001743755787615
4,0.5
4,0.5
4,0.5
4,0.5000201618849013
4,0.5
4,0.5
4,0.5009008524854093
4,0.5
4,0.507712108058684
4,0.5
4,0.5128962083021801
4,0.5
4,0.5069056559125656
4,0.5
4,0.5
4,0.5
4,0.5
4,0.5
4,0.5067775440043172
4,0.5
4,0.5
4,0.5
4,0.5000016365863883
4,0.5
4,0.5
4,0.5
4,0.5
4,0.5261961899713647
4,0.5
4,0.5
4,0.5001142663611828
4,0.5
4,0.5
4,0.5
4,0.5000508112490569
4,0.5
4,0.5011957364083552
4,0.5151180184865954
4,0.5
4,0.5
4,0.5000184810665196
4,0.5
4,0.5
4,0.5
4,0.5
4,0.5117419610016577
4,0.5
4,0.5
4,0.5
4,0.5
4,0.5
4,0.5
4,0.5
4,0.5
4,0.5
4,0.5
4,0.5052827813375314
4,0.5005676309130156
4,0.5
4,0.5
4,0.5
4,0.5
4,0.508411892754581
4,0.5
4,0.5
4,0.5
4,0.5
4,0.5
4,0.5
4,0.5
4,0.5
4,0.5
4,0.5
4,0.5
4,0.5
4,0.5155031026307034
4,0.5
4,0.5
4,0.5
4,0.5
4,0.5078937472140764
4,0.5
4,0.5
4,0.5019471284965482
4,0.5226922942548173
4,0.5
4,0.5
4,0.5
4,0.5
4,0.5
4,0.5
4,0.5367503684421
4,0.5
4,0.5
4,0.5
4,0.5003227779740664
4,0.5
4,0.5086760721691113
4,0.5089329347165936
4,0.5
4,0.5063366834725089
4,0.5
4,0.5
4,0.5
4,0.504785009056183
4,0.501214050202524
4,0.5
4,0.5
4,0.5
4,0.5
4,0.5058854490250088
4,0.5000804972084849
4,0.5
4,0.5041153555645934
4,0.5
4,0.5
4,0.5
4,0.5
4,0.5
4,0.5
4,0.500001799094127
4,0.5009075917408251
4,0.5016230277020896
4,0.5
4,0.5
4,0.5
4,0.5
4,0.5
4,0.5
4,0.5
4,0.5
4,0.5
4,0.5
4,0.5070109354384804
4,0.5
4,0.5
4,0.5
4,0.5
4,0.5
4,0.5
4,0.5
4,0.5
4,0.5
4,0.5
4,0.5
4,0.5
4,0.5079369433384702
4,0.5
4,0.5
4,0.5
4,0.5
4,0.5
4,0.5
4,0.5
4,0.5
4,0.5000036993464239
4,0.5
4,0.5
4,0.5453386390125229
4,0.5
4,0.5
4,0.5
4,0.5001607319858232
4,0.5000760410699404
4,0.5
4,0.5014371592691822
4,0.5
4,0.5042290237806019
4,0.5
4,0.5044232807969136
4,0.5016515650802665
4,0.5
4,0.5
4,0.5
4,0.5
4,0.5
4,0.5
4,0.5
4,0.5
4,0.5
4,0.5224810923468349
4,0.5
4,0.5
4,0.5
4,0.5
4,0.5
4,0.5020714717835384
4,0.5
4,0.5
4,0.5
4,0.5
4,0.502049991720971
4,0.5
4,0.5
4,0.5
4,0.5033134822103017
4,0.5
4,0.5
4,0.5
4,0.5
4,0.5
4,0.5
4,0.5
4,0.5
4,0.5
4,0.5013948654600748
4,0.5
4,0.5
4,0.5
4,0.5
4,0.5
4,0.5
4,0.5
4,0.5
4,0.5
4,0.5
4,0.515130449431759
4,0.5118860434799654
4,0.5096834203720442
4,0.5003490905369147
4,0.5
4,0.5
4,0.5
4,0.5
4,0.5
4,0.5
4,0.5
4,0.5
4,0.5
4,0.5
4,0.5
4,0.5
4,0.5
4,0.5
4,0.5
4,0.5009549419115519
4,0.5
4,0.5
4,0.5
4,0.5
4,0.5
4,0.5
4,0.5024836147370592
4,0.5
4,0.5
4,0.5004150013593897
4,0.5
4,0.5
4,0.5034185728216817
4,0.5
4,0.5
4,0.5
4,0.5
4,0.5
4,0.5
4,0.5108916288403788
4,0.5188919485358024
4,0.5038111485813086
4,0.5009552286433286
4,0.5
4,0.5044487523369501
4,0.5
4,0.5
4,0.5
4,0.5
4,0.5012626327597441
4,0.5
4,0.5
4,0.5
4,0.5
4,0.5037784939908482
4,0.5
4,0.5
4,0.5010430742822708
4,0.5050326249541719
4,0.5
4,0.5065936512018818
4,0.5
4,0.5006368077706073
4,0.5
4,0.5
4,0.5
4,0.5
4,0.5
4,0.5
4,0.5
4,0.5
4,0.5
4,0.5000265502834532
4,0.5277527589966112
4,0.5
4,0.5
4,0.5
4,0.5
4,0.5
4,0.5
4,0.5
4,0.5
4,0.5
4,0.5
4,0.5
4,0.5070969690798521
4,0.5117583508216959
4,0.5000436419028974
4,0.5
4,0.5022842516177805
4,0.5
4,0.5
4,0.5
4,0.5
4,0.5
4,0.5
4,0.5
4,0.5
4,0.5009481340684323
4,0.5
4,0.5
4,0.5
4,0.5
4,0.5048511754822785
4,0.5002463022631817
4,0.5
4,0.5
4,0.5
4,0.5
4,0.5004811898305772
4,0.5022973157841063
4,0.5
4,0.5
4,0.5
4,0.5
4,0.5
4,0.5
4,0.5
4,0.5048742198436033
4,0.5
4,0.5
4,0.5
4,0.5
4,0.5
4,0.5172854652334243
4,0.5
4,0.5
4,0.5
4,0.5000022876012291
4,0.5
4,0.5
4,0.5
4,0.5001343658641966
4,0.5
4,0.530778358465101
4,0.5
4,0.5
4,0.5
4,0.5
4,0.5028232597528878
4,0.5
4,0.5
4,0.5
4,0.5128803075730379
4,0.5
4,0.5
4,0.5
4,0.5
4,0.5
4,0.5
4,0.5
4,0.5
4,0.5000078686623648
4,0.515772619793901
4,0.5
4,0.5
4,0.5
4,0.5
4,0.5
4,0.5
4,0.5
4,0.5
4,0.5083880773071554
4,0.5191197526689
4,0.5100674610201462
4,0.504481856611976
4,0.5
4,0.5
4,0.5339552329155473
4,0.5
4,0.500607350070854
4,0.5156651680501239
4,0.5
4,0.5
4,0.5020991192861999
4,0.5
4,0.5
4,0.5002320642736199
4,0.5010569397924741
4,0.5
4,0.5
4,0.5
4,0.5069075570052933
4,0.5
5,0.5
5,0.5026291746918295
5,0.5
5,0.5
5,0.5000009872517335
5,0.5
5,0.5
5,0.5
5,0.5
5,0.5
5,0.5
5,0.5
5,0.5
5,0.5
5,0.5
5,0.5
5,0.5007442469791251
5,0.5036013299664986
5,0.5
5,0.5006397206364658
5,0.5
5,0.5
5,0.5
5,0.5
5,0.5
5,0.5
5,0.5
5,0.5
5,0.5
5,0.5
5,0.5002274646180389
5,0.5
5,0.5
5,0.507576422282217
5,0.5
5,0.5
5,0.5111441368349666
5,0.5
5,0.5
5,0.5
5,0.5
5,0.5
5,0.5
5,0.5
5,0.5007085750062227
5,0.5
5,0.5
5,0.5
5,0.5
5,0.5049261370775633
5,0.5
5,0.5
5,0.5
5,0.5
5,0.5
5,0.5
5,0.5
5,0.5000878237936491
5,0.5031208283960878
5,0.5
5,0.5243239004074567
5,0.5
5,0.5
5,0.5
5,0.5
5,0.5
5,0.5108736908608466
5,0.5
5,0.5
5,0.5006329266007585
5,0.5524591461535322
5,0.5
5,0.5
5,0.5032412127350246
5,0.5
5,0.5
5,0.5001906913078763
5,0.5
5,0.5
5,0.5062866019751124
5,0.5
5,0.5001432124497877
5,0.5
5,0.5
5,0.5225868651771018
5,0.5
5,0.5
5,0.5
5,0.5017628278665848
5,0.5064424528115099
5,0.5
5,0.5
5,0.530613015765651
5,0.5279243393541173
5,0.5
5,0.5
5,0.5
5,0.5001506573662853
5,0.5
5,0.5000313119628664
5,0.5022412706279681
5,0.5
5,0.5069141371685395
5,0.5137516446098567
5,0.5
5,0.5
5,0.5421374402298706
5,0.5081491318806085
5,0.5034174689373923
5,0.5002604895412108
5,0.5
5,0.5008262223484832
5,0.5
5,0.5
5,0.5
5,0.5
5,0.5
5,0.5
5,0.5
5,0.5
5,0.5
5,0.5
5,0.5
5,0.5032075368113293
5,0.5070292868876377
5,0.5
5,0.5003189606710029
5,0.5
5,0.5
5,0.5188819320311714
5,0.5145363889468652
5,0.5
5,0.5015088150655992
5,0.510445606402695
5,0.5
5,0.5002143749719936
5,0.5
5,0.5
5,0.5
5,0.5
5,0.5
5,0.5084056592795005
5,0.5
5,0.5
5,0.5015890084078292
5,0.5
5,0.5
5,0.5
5,0.5
5,0.5033069241641072
5,0.5
5,0.5
5,0.5
5,0.5
5,0.5
5,0.5002878636643314
5,0.5
5,0.5
5,0.500876064172688
5,0.5
5,0.5288316272708318
5,0.5289667848682008
5,0.5
5,0.5
5,0.5
5,0.5061258845658861
5,0.5
5,0.5000680306746503
5,0.5
5,0.5
5,0.5
5,0.5
5,0.5001033819017383
5,0.5002903740731891
5,0.5
5,0.5
5,0.5
5,0.5
5,0.5
5,0.5
5,0.5096955311773677
5,0.5035380128862754
5,0.5
5,0.5
5,0.5
5,0.5
5,0.5
5,0.5
5,0.5
5,0.5
5,0.5109310548397072
5,0.5049589625251868
5,0.5
5,0.5
5,0.5
5,0.5052118020361168
5,0.5
5,0.5
5,0.5
5,0.5
5,0.5
5,0.5045936428662388
5,0.5
5,0.5152986761517241
5,0.5043207918877377
5,0.5375681333084622
5,0.5
5,0.5
5,0.5
5,0.5002347907025262
5,0.5
5,0.5024640973132517
5,0.5017109062608578
5,0.5
5,0.5
5,0.5
5,0.5005944851455721
5,0.5
5,0.500056884700073
5,0.5124642330832769
5,0.5012608616142321
5,0.5011531728573309
5,0.5
5,0.5013278514643342
5,0.5005954625146255
5,0.5
5,0.5
5,0.5120335110555255
5,0.5
5,0.5085389041326833
5,0.5
5,0.5
5,0.5
5,0.5
5,0.5
5,0.5011863183189368
5,0.5
5,0.5
5,0.5
5,0.5051951400957534
5,0.5
5,0.5
5,0.5
5,0.5
5,0.5
5,0.5
5,0.5
5,0.5
5,0.5000018633083252
5,0.5
5,0.5
5,0.5137347039415101
5,0.5134237388050894
5,0.5
5,0.5
5,0.5
5,0.5248695500142154
5,0.5110045472419082
5,0.5205643603184649
5,0.5
5,0.5
5,0.5
5,0.5
5,0.5091299542717502
5,0.5
5,0.5005976245604046
5,0.5
5,0.5
5,0.5
5,0.5202765864723212
5,0.5014292725453413
5,0.5
5,0.5
5,0.5
5,0.5
5,0.5
5,0.5
5,0.5
5,0.5269481288108049
5,0.5
5,0.5
5,0.5
5,0.5
5,0.5023895479853526
5,0.5
5,0.5
5,0.5005948485738386
5,0.5002802668698182
5,0.5
5,0.5
5,0.5001706846684465
5,0.5
5,0.5
5,0.5024672781864618
5,0.5
5,0.5
5,0.5
5,0.5
5,0.513443429651199
5,0.5
5,0.5
5,0.5032288885421008
5,0.5
5,0.5
5,0.5
5,0.5
5,0.5061138920801626
5,0.5
5,0.5
5,0.5
5,0.5
5,0.5
5,0.5005460564321583
5,0.5005466285387605
5,0.5
5,0.5
5,0.5268227090737955
5,0.5
5,0.5
5,0.5
5,0.5
5,0.5
5,0.5
5,0.5
5,0.5
5,0.5
5,0.5
5,0.5
5,0.5
5,0.5
5,0.5
5,0.5
5,0.5
5,0.5059097384161445
5,0.5000910085488489
5,0.5022259701351209
5,0.5
5,0.5
5,0.5035854382
5,0.5
5,0.5
5,0.5
5,0.5
5,0.5
5,0.5
5,0.5
5,0.5076167632234814
5,0.5003811318860439
5,0.5
5,0.5
5,0.5019237632197812
5,0.5
5,0.5026125254078535
5,0.5
5,0.5
5,0.5000486150848054
5,0.5
5,0.5
5,0.5000000005476278
5,0.5
5,0.5
5,0.5
5,0.5
5,0.5
5,0.5
5,0.5
5,0.5
5,0.5108533644531795
5,0.5085913152060143
5,0.5
5,0.5218550233664606
5,0.5
5,0.5
5,0.5146571095524259
5,0.5
5,0.5000304055604506
5,0.5
5,0.5365559180431155
5,0.5
5,0.5009904295712476
5,0.5003896171315455
5,0.5
5,0.5
5,0.5
5,0.5001546660869979
5,0.5002569740151068
5,0.5038758958656013
5,0.5134291288479277
5,0.5025737744082655
5,0.5
5,0.501787298324381
5,0.5
5,0.5
5,0.5
5,0.5
5,0.5
5,0.5
5,0.5
5,0.5004598137310866
5,0.5
5,0.5000308032261699
5,0.5
5,0.5
5,0.5352445765184684
5,0.5001774046200181
5,0.5
5,0.5078718708528074
5,0.5428618168796928
5,0.5
5,0.5
5,0.5004656061769658
5,0.5
5,0.5
5,0.5
5,0.5
5,0.5
5,0.5
5,0.5
5,0.5
5,0.5
5,0.5
5,0.5
5,0.5
5,0.5
5,0.5
5,0.5346503237272098
5,0.5000121605703834
5,0.5
5,0.5058457473248905
5,0.5
5,0.5000313951048249
5,0.5
5,0.5
5,0.5
5,0.5029999436957863
5,0.5010124176405532
5,0.5
5,0.5072660784972967
5,0.521749633374019
5,0.5
5,0.5
5,0.5
5,0.5
5,0.5160227978799236
5,0.5
5,0.5
5,0.5
5,0.5
5,0.5
5,0.5017448543894072
5,0.5
5,0.5
5,0.5
5,0.5
5,0.5
5,0.5
5,0.5
5,0.5
5,0.5
5,0.5
5,0.5
5,0.5
5,0.5
5,0.5
5,0.5
5,0.5
5,0.5
5,0.5
5,0.502488344653197
5,0.5011892640883774
5,0.5
5,0.5
5,0.5088527217142926
5,0.5
5,0.5
5,0.5
5,0.5
5,0.5
5,0.5
5,0.5
5,0.5020658599736825
5,0.5
5,0.5
5,0.5315947452822183
5,0.5
5,0.5
5,0.5005105368117716
5,0.5
5,0.5
5,0.5
5,0.511562186141749
5,0.5
5,0.5
5,0.5
5,0.5
5,0.5000517301766061
5,0.5
5,0.5
5,0.5028663627599067
5,0.5
5,0.5
5,0.5
5,0.5
5,0.5
5,0.5142800620466732
5,0.5019948084539406
5,0.5
5,0.5
5,0.5
5,0.5013115899097427
5,0.5282926614120245
5,0.5052912622651337
5,0.5035155822421352
5,0.5045723098944008
5,0.5033456793793486
5,0.5
5,0.5
5,0.5
5,0.5
5,0.5
5,0.5
5,0.5
5,0.5
5,0.5
5,0.500064972382949
5,0.5
5,0.5204665131765797
5,0.5
5,0.5
5,0.5000720080326923
5,0.5021203474897236
5,0.5
5,0.5089680614813147
5,0.5
5,0.5
5,0.5
5,0.5
5,0.5001336617005
5,0.5
5,0.5061969501680275
5,0.5
5,0.5
5,0.5
5,0.5085331468325829
5,0.5000253355481509
5,0.5
5,0.5049326562566434
5,0.5
5,0.5
5,0.5201512394661445
5,0.5034815186833439
5,0.5007821928952852
5,0.5
5,0.5063277152746704
5,0.5
5,0.5
5,0.5
5,0.5
5,0.5
5,0.5
5,0.5
5,0.5
5,0.5
5,0.5198523918840658
5,0.5
5,0.5000010597851929
5,0.5
5,0.5
5,0.5
5,0.5
5,0.5021678024544995
5,0.5
5,0.5
5,0.5
5,0.5
5,0.5
5,0.5
5,0.5365186915795208
5,0.5251140827738259
5,0.5000002147157508
5,0.5
5,0.5
5,0.5
5,0.5
5,0.5
5,0.5
5,0.5
5,0.5
5,0.5
5,0.5000001504330344
5,0.5028259726718828
5,0.5
5,0.5
5,0.5046629345125956
5,0.5052199168379312
5,0.5056604455508962
5,0.5
5,0.5
5,0.5
5,0.5318256131100948
5,0.5
5,0.5030502565562159
5,0.5398217580864298
5,0.5003651390843128
5,0.5002157229554548
5,0.50000942102887
5,0.5
5,0.5201013705936489
5,0.5014615152022205
5,0.5
5,0.5
5,0.5004337441862682
5,0.5
5,0.5
5,0.5000012444496816
5,0.5
5,0.5
5,0.5
5,0.5
5,0.5
5,0.5
5,0.5
5,0.5
5,0.5
5,0.5
5,0.5126256672989493
5,0.5
5,0.5
5,0.5
5,0.5
5,0.5149910426195725
5,0.5
5,0.5
5,0.5000388316410996
5,0.5
5,0.5233733093182055
5,0.5
5,0.5
5,0.5
5,0.5
5,0.5
5,0.5
5,0.5086550786089697
5,0.5002842856848496
5,0.5
5,0.5259435278474164
5,0.5
5,0.5
5,0.5
5,0.5
5,0.5
5,0.5
5,0.5
5,0.5
5,0.5
5,0.5
5,0.5
5,0.5
5,0.5
5,0.5151275845155343
5,0.5
5,0.5
5,0.5
5,0.5095168148605268
5,0.5
5,0.5
5,0.5
5,0.5
5,0.5001142089467243
5,0.5
5,0.5043755029006258
5,0.5
5,0.5035165274779017
5,0.5
5,0.5
5,0.5120204669139936
5,0.5
5,0.5
5,0.5
5,0.5
5,0.5
5,0.5
5,0.5
5,0.5
5,0.5
5,0.5032258642567277
5,0.5
5,0.5
5,0.5
5,0.5
5,0.5085738239721465
5,0.5010816699472964
5,0.5
5,0.5456159846757236
5,0.5
5,0.5
5,0.5
5,0.5
5,0.5002191898813142
5,0.5129574333022652
5,0.5017956561788098
5,0.5
5,0.5
5,0.5
5,0.5
5,0.5
5,0.5
5,0.5
5,0.5
5,0.5
5,0.5
5,0.5
5,0.5
5,0.5179469622279381
5,0.5
5,0.5
5,0.5
5,0.5
5,0.5
5,0.5
5,0.5
5,0.5005289926344858
5,0.5
5,0.5
5,0.5035753300153811
5,0.5
5,0.5
5,0.5
5,0.5
5,0.5
5,0.5
5,0.5
5,0.5
5,0.5
5,0.5
5,0.5030225480976538
5,0.5002649673218361
5,0.5
5,0.5
5,0.5004970071522006
5,0.5
5,0.5
5,0.5
5,0.5
5,0.5
5,0.5
5,0.5
5,0.5
5,0.5
5,0.5
5,0.5013088925305947
5,0.5
5,0.5079216748732246
5,0.5
5,0.5
5,0.5
5,0.5062549895840268
5,0.5065610879832976
5,0.5136274079445968
5,0.5
5,0.5016141428002312
5,0.5
5,0.5
5,0.5
5,0.502640542218936
5,0.5
5,0.5
5,0.5
5,0.5000834406746724
5,0.5
5,0.5
5,0.5014828982811923
5,0.5
5,0.5
5,0.5
5,0.5
5,0.5542017776752838
5,0.5011008233575169
5,0.5000394888295921
5,0.5
5,0.5
5,0.5
5,0.5
5,0.5180476183287233
5,0.5
5,0.5
5,0.5
5,0.5
5,0.5075538827791447
5,0.5
5,0.5084797686419441
5,0.5294925003898564
5,0.5
5,0.5
5,0.5
5,0.5
5,0.5
5,0.5
5,0.5
5,0.5001948197897206
5,0.5
5,0.5
5,0.5152557647215836
5,0.5
5,0.5
5,0.5034844633376077
5,0.5081622402730736
5,0.5
5,0.5
5,0.5038416117261543
5,0.5
5,0.5
5,0.5
5,0.5
5,0.5067673566362868
5,0.5
5,0.5
5,0.5
5,0.5
5,0.5
5,0.5
5,0.5
5,0.5
5,0.5131244079063375
5,0.5
5,0.501350585353622
5,0.510317745722691
5,0.5
5,0.5
5,0.5
5,0.5
5,0.5
5,0.509598088774178
5,0.5
5,0.5
5,0.5
5,0.5010207227804464
5,0.5067315816056347
5,0.5
5,0.5
5,0.5
5,0.5004120932921818
5,0.507886184585508
5,0.5
5,0.5
5,0.5
5,0.5
5,0.5047660836917399
5,0.5
5,0.5
5,0.5
5,0.5104917931626981
5,0.5
5,0.5
5,0.5130379905821241
5,0.5
5,0.5001485664737672
5,0.5
5,0.5
5,0.5
5,0.5
5,0.5
5,0.5
5,0.5
5,0.5060609459187163
5,0.5045806260125656
5,0.5
5,0.5
5,0.5
5,0.5174753063482808
5,0.5063842027097135
5,0.5
5,0.5018437725478803
5,0.5003662804879646
5,0.5
5,0.5021974519202537
5,0.5
5,0.5
5,0.5015996709615148
5,0.5
5,0.5090408772400423
5,0.5025696312241239
5,0.5
5,0.5
5,0.5002887282940218
5,0.5
5,0.5
5,0.5
5,0.5
5,0.5
5,0.5
5,0.5003985412832013
5,0.5
5,0.5
5,0.5
5,0.5021209457885106
5,0.5
5,0.5
5,0.5062105134691732
5,0.5
5,0.5501239945452336
5,0.5370578349342512
5,0.5004036631812776
5,0.5003394525045805
5,0.5053319859577016
5,0.5046619723244623
5,0.5
5,0.5
5,0.50739785618597
5,0.5
5,0.5000105183715047
5,0.5
5,0.5111796647231512
5,0.5
5,0.5
5,0.5002460540149571
5,0.5
5,0.5011857564639056
5,0.5228732225000328
5,0.5004000612620393
5,0.5
5,0.5
5,0.5
5,0.5
5,0.5
5,0.5
5,0.5
5,0.5
5,0.5000407804999918
5,0.5032066141051085
5,0.5
5,0.5
5,0.5
5,0.5
5,0.5
5,0.5
5,0.5
5,0.5
5,0.5
5,0.5020262363673952
5,0.5
5,0.5
5,0.5
5,0.5
5,0.5
5,0.5
5,0.50877112353727
5,0.5
5,0.5
5,0.5010169698707877
5,0.5
5,0.5
5,0.5011980021181738
5,0.5275842105038012
5,0.5009082455159819
5,0.5215080066803565
5,0.5
5,0.5046207596665736
5,0.5220680562153127
5,0.5
5,0.5
5,0.5011713608659376
5,0.5
5,0.5000437306623653
5,0.5279405796334005
5,0.5
5,0.500029034885905
5,0.5002456016258525
5,0.5080574655642542
5,0.5
5,0.5340630759184797
5,0.5
5,0.5
5,0.5012593887841363
5,0.5
5,0.5
5,0.5
5,0.5
5,0.5
5,0.5000603802778284
5,0.5
5,0.5
5,0.5
5,0.5
5,0.5
5,0.5050177190799874
5,0.5
5,0.5
5,0.5064287568387517
5,0.5
5,0.5
5,0.5
5,0.501039565236291
5,0.5
5,0.5
5,0.5
5,0.5023901750686595
5,0.5
5,0.5062497736251881
5,0.5
6,0.5
6,0.5
6,0.5
6,0.5011577035006569
6,0.5
6,0.500373908720513
6,0.5
6,0.5
6,0.5
6,0.5000715367169316
6,0.5
6,0.5
6,0.5019347987271333
6,0.5000156635603988
6,0.5000181378017771
6,0.5
6,0.5
6,0.5000347100263214
6,0.5020632223982662
6,0.5
6,0.5088361870918003
6,0.5
6,0.5035560142773221
6,0.500242222896488
6,0.5006373386912708
6,0.5000401354264763
6,0.5081726479653002
6,0.5076132046385771
6,0.5207760781035251
6,0.510865624111223
6,0.5005203356214643
6,0.5
6,0.5074349413220293
6,0.5206678098849197
6,0.5
6,0.5
6,0.5
6,0.5
6,0.500006135247882
6,0.5
6,0.5
6,0.5
6,0.5001117322433052
6,0.5
6,0.5037275854347928
6,0.5033740234735086
6,0.5
6,0.501601128028461
6,0.5
6,0.5
6,0.5052774725044188
6,0.5
6,0.5
6,0.5
6,0.5028389349527312
6,0.5
6,0.5
6,0.5
6,0.5004721605387014
6,0.5
6,0.5
6,0.504706268722411
6,0.5117560500175689
6,0.5
6,0.500535261305456
6,0.5038030610125853
6,0.5
6,0.5
6,0.5103081088193078
6,0.5
6,0.5
6,0.5
6,0.5
6,0.5
6,0.5
6,0.5008196871253819
6,0.5014583717144233
6,0.5
6,0.5
6,0.5087514798398408
6,0.5
6,0.5
6,0.5
6,0.5
6,0.5
6,0.5
6,0.5112449981703792
6,0.5
6,0.5065554337195946
6,0.5
6,0.5014586100089701
6,0.5135116833064975
6,0.5
6,0.5
6,0.5
6,0.5
6,0.5020787415584685
6,0.5
6,0.5
6,0.5
6,0.5
6,0.5
6,0.5
6,0.5
6,0.5
6,0.5050834512412425
6,0.5
6,0.5
6,0.5000757206459371
6,0.5
6,0.5
6,0.5
6,0.5000588364617206
6,0.5
6,0.5
6,0.5011057978298784
6,0.5
6,0.5
6,0.545239219341985
6,0.5116140056984433
6,0.5
6,0.5014803029071927
6,0.5
6,0.5264873991439288
6,0.5
6,0.5
6,0.5
6,0.5
6,0.5035480043039802
6,0.5081758941019535
6,0.5
6,0.5
6,0.5
6,0.5
6,0.5030525421567168
6,0.5
6,0.5
6,0.5001579147687043
6,0.5
6,0.5008472882412708
6,0.5
6,0.5
6,0.5000108883051332
6,0.5
6,0.500710115724772
6,0.5
6,0.5150053830161242
6,0.5
6,0.5
6,0.5027346694722595
6,0.5
6,0.5
6,0.5
6,0.5002572863175933
6,0.5
6,0.5028909470762808
6,0.5106342228117601
6,0.5
6,0.5008810790681173
6,0.5161599542801414
6,0.5000992710100648
6,0.5
6,0.5
6,0.5
6,0.5105108670145999
6,0.513432094266085
6,0.5
6,0.5
6,0.5033546473003024
6,0.5
6,0.5
6,0.5015798369750302
6,0.5
6,0.5089735436642268
6,0.5023537097703374
6,0.5
6,0.5
6,0.5
6,0.5
6,0.5060706231043405
6,0.5
6,0.5089800602336466
6,0.5081233686653122
6,0.5027714975771521
6,0.5016761063980197
6,0.5
6,0.5
6,0.5
6,0.5
6,0.5
6,0.5148082159151505
6,0.5
6,0.5000034254401037
6,0.5
6,0.5
6,0.5
6,0.5056042449072511
6,0.5
6,0.5
6,0.506549695592769
6,0.5
6,0.5
6,0.5
6,0.5
6,0.5
6,0.5602178218450429
6,0.5
6,0.5077665919334928
6,0.5
6,0.5
6,0.5
6,0.5
6,0.5
6,0.5068025090042076
6,0.5
6,0.5
6,0.5
6,0.5
6,0.5
6,0.5142391651114866
6,0.5
6,0.5195752367916724
6,0.5114750846797311
6,0.5041886969171879
6,0.5
6,0.5000537083742291
6,0.5
6,0.5
6,0.5005904819383977
6,0.5
6,0.5
6,0.5061171445966564
6,0.5
6,0.5
6,0.5307336397024501
6,0.5
6,0.5
6,0.5038657874246943
6,0.5
6,0.5
6,0.5004082786037077
6,0.5
6,0.5100806629199097
6,0.5
6,0.5
6,0.5005638864256354
6,0.5
6,0.5
6,0.5011425773004278
6,0.5523930090876478
6,0.5023937504934565
6,0.516737533633187
6,0.5
6,0.5041532516235897
6,0.5025136959661816
6,0.5000396575721726
6,0.5
6,0.5015195228203766
6,0.5
6,0.5184887952853419
6,0.5
6,0.5000405341028433
6,0.5
6,0.5
6,0.5249077168275555
6,0.5005064496218551
6,0.5
6,0.5
6,0.5
6,0.5
6,0.5
6,0.5130664102120859
6,0.5
6,0.5000366441074338
6,0.5
6,0.5022466428738598
6,0.5084533339294313
6,0.5245212332063363
6,0.5
6,0.5126785924297425
6,0.5
6,0.5
6,0.5
6,0.5
6,0.5
6,0.5168114287758432
6,0.5
6,0.5102075789896227
6,0.5037242639744697
6,0.5
6,0.5
6,0.5002591670335338
6,0.5
6,0.5
6,0.5
6,0.5009653617527965
6,0.5003231156589603
6,0.5
6,0.5
6,0.5
6,0.5
6,0.5
6,0.5
6,0.5
6,0.5014200050046731
6,0.5006814752215035
6,0.5
6,0.5
6,0.5
6,0.5
6,0.5
6,0.5
6,0.5044384232314041
6,0.5
6,0.5
6,0.5
6,0.5009114957060062
6,0.5
6,0.5
6,0.5
6,0.5
6,0.5040517571357881
6,0.500658890863671
6,0.5
6,0.5
6,0.5
6,0.5
6,0.5
6,0.5
6,0.5
6,0.5
6,0.5062172965631971
6,0.5073270693215307
6,0.5
6,0.5
6,0.5
6,0.5
6,0.5
6,0.5
6,0.5
6,0.5186955218336445
6,0.5098468218787663
6,0.5
6,0.5
6,0.5
6,0.5
6,0.5
6,0.5270995337401484
6,0.5
6,0.5
6,0.5013363071692226
6,0.5166201891805833
6,0.5023683200003608
6,0.5
6,0.5
6,0.5004599502094403
6,0.5
6,0.5
6,0.5
6,0.5
6,0.5
6,0.5000115667348375
6,0.5
6,0.5
6,0.5
6,0.5
6,0.5023562463212601
6,0.5
6,0.5003745625250576
6,0.5056154595280687
6,0.5
6,0.5285630230765452
6,0.5
6,0.5
6,0.5
6,0.5
6,0.5
6,0.5
6,0.5017593918786443
6,0.5000109367962883
6,0.5
6,0.5
6,0.5
6,0.5138208859048435
6,0.502793899536246
6,0.5
6,0.5
6,0.5012801111651022
6,0.5049018168902288
6,0.5183366395680202
6,0.5000286913813607
6,0.525510203785415
6,0.5029749760757233
6,0.5290978545142728
6,0.5
6,0.5286009411008159
6,0.5
6,0.5
6,0.5
6,0.5
6,0.5
6,0.5
6,0.5
6,0.5002503238200607
6,0.5093478675779675
6,0.506694100411109
6,0.5
6,0.5186601672474186
6,0.5
6,0.5
6,0.5
6,0.5
6,0.5
6,0.5
6,0.5
6,0.5
6,0.5001566561648758
6,0.5
6,0.5
6,0.5001691527521255
6,0.5
6,0.5
6,0.5
6,0.5294478255805477
6,0.5
6,0.5
6,0.5
6,0.5
6,0.5
6,0.5089586900919841
6,0.5044662322023002
6,0.5187187714439613
6,0.5
6,0.5192891093417176
6,0.50129937612558
6,0.5001126406081904
6,0.5019271868033172
6,0.5007380681545865
6,0.5010145195471933
6,0.5061620971068629
6,0.5
6,0.5
6,0.5
6,0.5025888445009363
6,0.5
6,0.5
6,0.523889467984121
6,0.5
6,0.5
6,0.5
6,0.5
6,0.5
6,0.5
6,0.5
6,0.5
6,0.5
6,0.5026956119814714
6,0.5001990534894191
6,0.5
6,0.5308656541682227
6,0.5
6,0.5
6,0.5
6,0.5
6,0.5
6,0.5
6,0.5
6,0.5
6,0.5071700107174472
6,0.5
6,0.5
6,0.5
6,0.5001795244935091
6,0.5057878166167179
6,0.5
6,0.5002265750280657
6,0.5000343609177933
6,0.5
6,0.5147842140588754
6,0.5076815663338828
6,0.5
6,0.5
6,0.5
6,0.5
6,0.5
6,0.5
6,0.5
6,0.5
6,0.5
6,0.5
6,0.5
6,0.5
6,0.5
6,0.5
6,0.5032760076322469
6,0.5
6,0.5
6,0.5102097781386336
6,0.5001530852593017
6,0.5
6,0.5
6,0.5020181516420467
6,0.5040885233315889
6,0.5008906325557736
6,0.5185277687977148
6,0.5
6,0.5
6,0.5
6,0.5
6,0.5
6,0.5
6,0.5083200474418007
6,0.5
6,0.5
6,0.5
6,0.5
6,0.5218101312909597
6,0.5
6,0.5
6,0.5018101001326997
6,0.5
6,0.5062608118853559
6,0.5
6,0.5
6,0.5
6,0.5
6,0.5
6,0.5017948808345839
6,0.5
6,0.5132702677576838
6,0.5000146639743765
6,0.5017460532242234
6,0.5
6,0.5013006254055022
6,0.5000000071661582
6,0.5
6,0.5
6,0.5
6,0.5
6,0.5
6,0.5
6,0.5
6,0.5000052435459849
6,0.5
6,0.5
6,0.5
6,0.5017147567646896
6,0.5
6,0.5000545145899069
6,0.504393185516448
6,0.5
6,0.5
6,0.5
6,0.5
6,0.5008539840283337
6,0.5
6,0.5014193127769856
6,0.5014714259616556
6,0.5152962043514622
6,0.500007079939242
6,0.5000009251130665
6,0.5
6,0.5
6,0.5
6,0.5029346995828952
6,0.5
6,0.5098727985198251
6,0.5
6,0.5
6,0.5
6,0.5
6,0.5006149393651231
6,0.5
6,0.5
6,0.5
6,0.5
6,0.5004192544671373
6,0.5
6,0.5348566755576372
6,0.5
6,0.5350127212443159
6,0.5
6,0.5010134314527483
6,0.5
6,0.5
6,0.5
6,0.5
6,0.5
6,0.5
6,0.5
6,0.5
6,0.5
6,0.5291047284026444
6,0.5
6,0.5
6,0.5
6,0.5001212568297029
6,0.5
6,0.5016151060555846
6,0.5010874941302129
6,0.5106167732720636
6,0.5006556681468252
6,0.5
6,0.5
6,0.5
6,0.5
6,0.5
6,0.5013740355486442
6,0.5226816603160613
6,0.5
6,0.5
6,0.5
6,0.5
6,0.5
6,0.5
6,0.5
6,0.5
6,0.5056680905538311
6,0.5
6,0.5
6,0.5
6,0.5
6,0.5
6,0.5
6,0.5
6,0.5
6,0.5
6,0.5
6,0.5185634236755948
6,0.5
6,0.5
6,0.5
6,0.5
6,0.5
6,0.5
6,0.5
6,0.5
6,0.5
6,0.5
6,0.5151461182858595
6,0.5013557589021851
6,0.5
6,0.5013871993054193
6,0.5
6,0.5
6,0.5
6,0.5
6,0.5
6,0.5
6,0.5
6,0.5
6,0.5
6,0.5519552176645826
6,0.5
6,0.5
6,0.5008404629738203
6,0.5256260006612881
6,0.5007955567201202
6,0.5
6,0.5
6,0.5157264956826955
6,0.5025574081168792
6,0.5021322531889743
6,0.5001610892574485
6,0.5383342184110272
6,0.5
6,0.5003944211007103
6,0.5
6,0.5
6,0.5
6,0.500456095093898
6,0.510516585854426
6,0.5
6,0.5048222064705358
6,0.5
6,0.5
6,0.5
6,0.5
6,0.5
6,0.507339436464032
6,0.5181098006541043
6,0.5026939060434409
6,0.5
6,0.5
6,0.5
6,0.5
6,0.5000271639812419
6,0.5096680749925437
6,0.5
6,0.5
6,0.5
6,0.5
6,0.5174511597594762
6,0.5
6,0.5
6,0.5009318943951672
6,0.5
6,0.5
6,0.5
6,0.5070718933317442
6,0.5
6,0.500157904427021
6,0.5
6,0.5
6,0.5
6,0.5
6,0.5016854651987178
6,0.5
6,0.5
6,0.5
6,0.5
6,0.5
6,0.5
6,0.5
6,0.5
6,0.5
6,0.5000102863701749
6,0.513261558309888
6,0.5
6,0.5024398877184795
6,0.5
6,0.5
6,0.5
6,0.5048346359954425
6,0.5
6,0.5
6,0.5
6,0.5
6,0.5
6,0.5
6,0.5
6,0.5
6,0.5
6,0.5001814962205433
6,0.5
6,0.5164413773415617
6,0.5
6,0.5
6,0.5
6,0.5017575466261918
6,0.5
6,0.5
6,0.5
6,0.5
6,0.5
6,0.5
6,0.5
6,0.5021066178597354
6,0.505425973123054
6,0.5
6,0.5000132223362925
6,0.5088614864866974
6,0.5
6,0.5
6,0.5
6,0.5012945914359576
6,0.5
6,0.5
6,0.5037458269671632
6,0.5
6,0.5
6,0.5
6,0.5040545923560278
6,0.5
6,0.5
6,0.5
6,0.5050362017661428
6,0.5
6,0.5
6,0.5
6,0.5
6,0.5
6,0.5
6,0.5
6,0.5322857799234886
6,0.5
6,0.5
6,0.5041024073817929
6,0.5031244551491936
6,0.5
6,0.5
6,0.5
6,0.5060479988226412
6,0.5009371485748723
6,0.5396783063538726
6,0.5
6,0.5
6,0.5
6,0.5158155835796511
6,0.5
6,0.5
6,0.5002863268952449
6,0.5
6,0.5
6,0.5
6,0.5064948604151053
6,0.5010486993325172
6,0.5321252631655337
6,0.5012739520116714
6,0.5
6,0.5
6,0.5
6,0.5
6,0.5
6,0.5200038528995611
6,0.5177152730075049
6,0.5000683077153697
6,0.50021816783488
6,0.5
6,0.5
6,0.5000887611564144
6,0.5
6,0.5
6,0.5472175842716092
6,0.5693229489406073
6,0.5
6,0.5
6,0.5
6,0.5040945651984975
6,0.5
6,0.5
6,0.5
6,0.5133737414443109
6,0.5
6,0.5109214651905385
6,0.5
6,0.5
6,0.5
6,0.5
6,0.5
6,0.54396881179
6,0.5
6,0.5
6,0.5
6,0.501245734870577
6,0.5
6,0.5
6,0.5008369329987925
6,0.5
6,0.5
6,0.5027079632743197
6,0.5
6,0.5003787355198531
6,0.5270179923234907
6,0.5
6,0.5
6,0.5
6,0.50011931324264
6,0.5
6,0.5
6,0.5051602975801175
6,0.5
6,0.5
6,0.5
6,0.514087852179277
6,0.5
6,0.5
6,0.5000305441762167
6,0.5
6,0.5
6,0.5
6,0.5
6,0.5
6,0.5
6,0.5
6,0.5
6,0.505584321599331
6,0.5
6,0.5
6,0.5003987986172536
6,0.5
6,0.5
6,0.5
6,0.5392573799611916
6,0.5220179093390039
6,0.5
6,0.5
6,0.5
6,0.5
6,0.5
6,0.5
6,0.5
6,0.5119140082290768
6,0.5
6,0.5037516516041706
6,0.5015654544006518
6,0.500954621865922
6,0.504630844942047
6,0.5
6,0.5
6,0.5115077949530387
6,0.525679877110822
6,0.5
6,0.5070492031046572
6,0.5
6,0.5
6,0.5
6,0.5
6,0.5
6,0.5
6,0.5471133206823731
6,0.5
6,0.5011821082347956
6,0.5
6,0.5061803802225905
6,0.5
6,0.5
6,0.5
6,0.510473148603751
6,0.5
6,0.5006024624391108
6,0.5026584903257331
6,0.5
6,0.5
6,0.5
6,0.5
6,0.5
6,0.5
6,0.5
6,0.5
6,0.5077671363139591
6,0.5
6,0.5
6,0.5
6,0.5
6,0.5
6,0.5
6,0.5
6,0.5016525642781906
6,0.5064433815324534
6,0.5079293978295459
6,0.5
6,0.5066859454876932
6,0.5
6,0.5
6,0.5
6,0.5014537253121
6,0.5
6,0.5
6,0.5089755378303713
6,0.5007298895752661
6,0.5065519699521269
6,0.507871852043505
6,0.5046408214185184
6,0.5
6,0.5
6,0.5
6,0.5018658826616917
6,0.5
6,0.5
6,0.5
6,0.5153700408743764
6,0.5
6,0.5
6,0.5
6,0.5
6,0.5200026048013591
6,0.5016638750501371
6,0.5
6,0.5061035859455575
6,0.5006009206136793
6,0.5035661558086766
6,0.5
6,0.5
6,0.5
6,0.5694287430277698
6,0.5
6,0.5
6,0.5098516385884834
6,0.500632700782465
6,0.5
6,0.5
6,0.5070135051841194
6,0.5
6,0.5
6,0.5
6,0.5
6,0.5
6,0.5
6,0.5068840626979825
6,0.5
6,0.5
6,0.500071161311626
6,0.5033474769108517
6,0.5040082709325225
6,0.5
6,0.5
6,0.5000498727849505
6,0.5
6,0.5000043331593702
6,0.5
6,0.5046029389523549
6,0.5382088533028975
6,0.551118014126838
6,0.5
6,0.5
6,0.5
6,0.5
6,0.5
6,0.5056815838564758
